Flight No,Airline,Departure,DEP_CODE,Terminal,Arrival,ARR_CODE,Scheduled_Time,Scheduled_date,Estimated_time,Estimated_date,Aircraft
6E25,IndiGo,Bengaluru,BLR,T2,Doha ,DOH,04:00:00,2023-10-07,04:00:00,2023-10-07,A20N
I51574,AirAsia India,Bengaluru,BLR,T2,Goa ,GOI,04:10:00,2023-10-07,04:10:00,2023-10-07,A20N
6E5295,IndiGo,Bengaluru,BLR,T1,Mumbai ,BOM,04:25:00,2023-10-07,04:25:00,2023-10-07,A20N
6E6247,IndiGo,Bengaluru,BLR,T1,Delhi ,DEL,04:25:00,2023-10-07,04:25:00,2023-10-07,A21N
G9497,Air Arabia,Bengaluru,BLR,T2,Sharjah ,SHJ,04:30:00,2023-10-07,04:30:00,2023-10-07,320
IX9501,Air India Express,Bengaluru,BLR,T2,Delhi ,DEL,04:30:00,2023-10-07,04:30:00,2023-10-07,NA
QP1359,Akasa Air,Bengaluru,BLR,T1,Delhi ,DEL,04:30:00,2023-10-07,04:30:00,2023-10-07,7M8
6E961,IndiGo,Bengaluru,BLR,T1,Chandigarh ,IXC,04:45:00,2023-10-07,04:45:00,2023-10-07,A21N
EY217,Etihad,Bengaluru,BLR,T2,Abu Dhabi ,AUH,04:45:00,2023-10-07,04:45:00,2023-10-07,789
GF283,Gulf Air,Bengaluru,BLR,T2,Manama ,BAH,04:45:00,2023-10-07,04:45:00,2023-10-07,A320
EK569,Emirates,Bengaluru,BLR,T2,Dubai ,DXB,04:50:00,2023-10-07,04:50:00,2023-10-07,388
I51533,AirAsia India,Bengaluru,BLR,T2,Kolkata ,CCU,04:50:00,2023-10-07,04:50:00,2023-10-07,A320
QP1624,Akasa Air,Bengaluru,BLR,T1,Lucknow ,LKO,04:50:00,2023-10-07,04:50:00,2023-10-07,7M8
6E368,IndiGo,Bengaluru,BLR,T1,Bhubaneswar ,BBI,04:55:00,2023-10-07,04:55:00,2023-10-07,A20N
I51780,AirAsia India,Bengaluru,BLR,T2,Guwahati ,GAU,04:55:00,2023-10-07,04:55:00,2023-10-07,A20N
I5818,AirAsia India,Bengaluru,BLR,T2,Pune ,PNQ,05:00:00,2023-10-07,05:00:00,2023-10-07,A20N
6E5124,IndiGo,Bengaluru,BLR,T1,Mumbai ,BOM,05:00:00,2023-10-07,05:00:00,2023-10-07,A21N
6E243,IndiGo,Bengaluru,BLR,T1,Patna ,PAT,05:05:00,2023-10-07,05:05:00,2023-10-07,A20N
I51621,AirAsia India,Bengaluru,BLR,T2,Ranchi ,IXR,05:05:00,2023-10-07,05:05:00,2023-10-07,A320
QP1311,Akasa Air,Bengaluru,BLR,T1,Pune ,PNQ,05:10:00,2023-10-07,05:10:00,2023-10-07,7M8
I51981,AirAsia India,Bengaluru,BLR,T2,Kochi ,COK,05:10:00,2023-10-07,05:10:00,2023-10-07,A320
6E897,IndiGo,Bengaluru,BLR,T1,Varanasi ,VNS,05:10:00,2023-10-07,05:10:00,2023-10-07,A20N
6E6923,IndiGo,Bengaluru,BLR,T1,Hyderabad ,HYD,05:15:00,2023-10-07,05:15:00,2023-10-07,A320
6E7265,IndiGo,Bengaluru,BLR,T1,Kozhikode ,CCJ,05:20:00,2023-10-07,05:20:00,2023-10-07,AT76
6E113,IndiGo,Bengaluru,BLR,T1,Kochi ,COK,05:20:00,2023-10-07,05:20:00,2023-10-07,A20N
6E408,IndiGo,Bengaluru,BLR,T1,Pune ,PNQ,05:25:00,2023-10-07,05:25:00,2023-10-07,A21N
6E109,IndiGo,Bengaluru,BLR,T1,Mangaluru ,IXE,05:25:00,2023-10-07,05:25:00,2023-10-07,A20N
QP1340,Akasa Air,Bengaluru,BLR,T1,Mumbai ,BOM,05:30:00,2023-10-07,05:30:00,2023-10-07,7M8
6E288,IndiGo,Bengaluru,BLR,T1,Visakhapatnam ,VTZ,05:30:00,2023-10-07,05:30:00,2023-10-07,A21N
6E194,IndiGo,Bengaluru,BLR,T1,Goa ,GOX,05:35:00,2023-10-07,05:35:00,2023-10-07,A21N
SG392,SpiceJet,Bengaluru,BLR,T1,Delhi ,DEL,05:35:00,2023-10-07,05:35:00,2023-10-07,737
6E2068,IndiGo,Bengaluru,BLR,T1,Delhi ,DEL,05:35:00,2023-10-07,05:35:00,2023-10-07,32N
AI804,Air India,Bengaluru,BLR,T2,Delhi ,DEL,05:45:00,2023-10-07,05:45:00,2023-10-07,32N
6E1055,IndiGo,Bengaluru,BLR,T2,Bangkok ,BKK,05:45:00,2023-10-07,05:45:00,2023-10-07,A21N
SG2927,SpiceJet,Bengaluru,BLR,T1,Gwalior ,GWL,05:50:00,2023-10-07,05:50:00,2023-10-07,DH8
6E7227,IndiGo,Bengaluru,BLR,T1,Hubballi ,HBX,05:55:00,2023-10-07,05:55:00,2023-10-07,AT76
6E5209,IndiGo,Bengaluru,BLR,T1,Mumbai ,BOM,06:00:00,2023-10-07,06:00:00,2023-10-07,NA
QP1421,Akasa Air,Bengaluru,BLR,T1,Varanasi ,VNS,06:00:00,2023-10-07,06:00:00,2023-10-07,7M8
SG456,SpiceJet,Bengaluru,BLR,T1,Mumbai ,BOM,06:00:00,2023-10-07,06:00:00,2023-10-07,737
6E6353,IndiGo,Bengaluru,BLR,T1,Lucknow ,LKO,06:05:00,2023-10-07,06:05:00,2023-10-07,A20N
I51452,AirAsia India,Bengaluru,BLR,T2,Kolkata ,CCU,06:05:00,2023-10-07,06:05:00,2023-10-07,A320
6E586,IndiGo,Bengaluru,BLR,T1,Ahmedabad ,AMD,06:10:00,2023-10-07,06:10:00,2023-10-07,A21N
SG327,SpiceJet,Bengaluru,BLR,T1,Kolkata ,CCU,06:10:00,2023-10-07,06:10:00,2023-10-07,737
6E7107,IndiGo,Bengaluru,BLR,T1,Rajahmundry ,RJA,06:15:00,2023-10-07,06:15:00,2023-10-07,AT76
QP1136,Akasa Air,Bengaluru,BLR,T1,Mumbai ,BOM,06:15:00,2023-10-07,06:15:00,2023-10-07,7M8
6E7236,IndiGo,Bengaluru,BLR,T1,Tiruchirappalli ,TRZ,06:15:00,2023-10-07,06:15:00,2023-10-07,AT76
6E443,IndiGo,Bengaluru,BLR,T1,Bagdogra ,IXB,06:20:00,2023-10-07,06:20:00,2023-10-07,A20N
QP1603,Akasa Air,Bengaluru,BLR,T1,Lucknow ,LKO,06:25:00,2023-10-07,06:25:00,2023-10-07,7M8
6E227,IndiGo,Bengaluru,BLR,T1,Dimapur ,DMU,06:30:00,2023-10-07,06:30:00,2023-10-07,A20N
6E6802,IndiGo,Bengaluru,BLR,T1,Nagpur ,NAG,06:30:00,2023-10-07,06:30:00,2023-10-07,A21N
6E857,IndiGo,Bengaluru,BLR,T1,Coimbatore ,CJB,06:35:00,2023-10-07,06:35:00,2023-10-07,A21N
6E7204,IndiGo,Bengaluru,BLR,T1,Vijayawada ,VGA,06:35:00,2023-10-07,06:35:00,2023-10-07,AT76
I52472,AirAsia India,Bengaluru,BLR,T2,Lucknow ,LKO,06:40:00,2023-10-07,06:40:00,2023-10-07,A320
UK866,Vistara,Bengaluru,BLR,T2,Mumbai ,BOM,06:40:00,2023-10-07,06:40:00,2023-10-07,320
I51567,AirAsia India,Bengaluru,BLR,T2,Bhubaneswar ,BBI,06:45:00,2023-10-07,06:45:00,2023-10-07,A320
AI640,Air India,Bengaluru,BLR,T2,Mumbai ,BOM,06:45:00,2023-10-07,06:45:00,2023-10-07,321
BA118,British Airways,Bengaluru,BLR,T2,London ,LHR,06:50:00,2023-10-07,06:50:00,2023-10-07,777
6E7171,IndiGo,Bengaluru,BLR,T1,Madurai ,IXM,06:55:00,2023-10-07,06:55:00,2023-10-07,AT76
QP1109,Akasa Air,Bengaluru,BLR,T1,Mumbai ,BOM,06:55:00,2023-10-07,06:55:00,2023-10-07,7M8
UK810,Vistara,Bengaluru,BLR,T2,Delhi ,DEL,07:00:00,2023-10-07,07:00:00,2023-10-07,320
6E122,IndiGo,Bengaluru,BLR,T1,Delhi ,DEL,07:00:00,2023-10-07,07:00:00,2023-10-07,A21N
UK897,Vistara,Bengaluru,BLR,T2,Hyderabad ,HYD,07:00:00,2023-10-07,07:00:00,2023-10-07,320
S5151,Star Air,Bengaluru,BLR,T2,Hyderabad ,HYD,07:05:00,2023-10-07,07:05:00,2023-10-07,ER4
6E5164,IndiGo,Bengaluru,BLR,T1,Mumbai ,BOM,07:05:00,2023-10-07,07:05:00,2023-10-07,A21N
AI513,Air India,Bengaluru,BLR,T2,Delhi ,DEL,07:05:00,2023-10-07,07:05:00,2023-10-07,319
6E702,IndiGo,Bengaluru,BLR,T1,Bhopal ,BHO,07:10:00,2023-10-07,07:10:00,2023-10-07,A21N
6E7728,IndiGo,Bengaluru,BLR,T1,Kannur ,CNN,07:15:00,2023-10-07,07:15:00,2023-10-07,AT76
9I505,Alliance Air,Bengaluru,BLR,T1,Agatti ,AGX,07:15:00,2023-10-07,07:15:00,2023-10-07,AT7
QP1372,Akasa Air,Bengaluru,BLR,T1,Bagdogra ,IXB,07:20:00,2023-10-07,07:20:00,2023-10-07,7M8
6E6269,IndiGo,Bengaluru,BLR,T1,Chennai ,MAA,07:20:00,2023-10-07,07:20:00,2023-10-07,A20N
6E484,IndiGo,Bengaluru,BLR,T1,Hyderabad ,HYD,07:25:00,2023-10-07,07:25:00,2023-10-07,A21N
AI516,Air India,Bengaluru,BLR,T2,Hyderabad ,HYD,07:25:00,2023-10-07,07:25:00,2023-10-07,319
QP1325,Akasa Air,Bengaluru,BLR,T1,Ahmedabad ,AMD,07:30:00,2023-10-07,07:30:00,2023-10-07,7M8
6E405,IndiGo,Bengaluru,BLR,T1,Raipur ,RPR,07:35:00,2023-10-07,07:35:00,2023-10-07,A320
I51576,AirAsia India,Bengaluru,BLR,T2,Jaipur ,JAI,07:40:00,2023-10-07,07:40:00,2023-10-07,A20N
6E6404,IndiGo,Bengaluru,BLR,T1,Chandigarh ,IXC,07:40:00,2023-10-07,07:40:00,2023-10-07,A20N
6E6439,IndiGo,Bengaluru,BLR,T1,Kolkata ,CCU,07:40:00,2023-10-07,07:40:00,2023-10-07,A20N
6E6858,IndiGo,Bengaluru,BLR,T1,Mangaluru ,IXE,07:50:00,2023-10-07,07:50:00,2023-10-07,A20N
UK808,Vistara,Bengaluru,BLR,T2,Delhi ,DEL,08:00:00,2023-10-07,08:00:00,2023-10-07,320
6E861,IndiGo,Bengaluru,BLR,T1,Delhi ,DEL,08:00:00,2023-10-07,08:00:00,2023-10-07,A21N
6E6176,IndiGo,Bengaluru,BLR,T1,Goa ,GOX,08:00:00,2023-10-07,08:00:00,2023-10-07,NA
IX1941,Air India Express,Bengaluru,BLR,T2,Jaipur ,JAI,08:00:00,2023-10-07,08:00:00,2023-10-07,738
6E34,IndiGo,Bengaluru,BLR,T2,Dubai ,DXB,08:10:00,2023-10-07,08:10:00,2023-10-07,A20N
9I501,Alliance Air,Bengaluru,BLR,T1,Vijayawada ,VGA,08:15:00,2023-10-07,08:15:00,2023-10-07,AT7
I51982,AirAsia India,Bengaluru,BLR,T2,Bagdogra ,IXB,08:20:00,2023-10-07,08:20:00,2023-10-07,A320
6E255,IndiGo,Bengaluru,BLR,T1,Patna ,PAT,08:30:00,2023-10-07,08:30:00,2023-10-07,32N
6E259,IndiGo,Bengaluru,BLR,T1,Mumbai ,BOM,08:30:00,2023-10-07,08:30:00,2023-10-07,32N
UK846,Vistara,Bengaluru,BLR,T2,Mumbai ,BOM,08:30:00,2023-10-07,08:30:00,2023-10-07,321
6E6497,IndiGo,Bengaluru,BLR,T1,Prayagraj ,IXD,08:35:00,2023-10-07,08:35:00,2023-10-07,32Q
S5117,Star Air,Bengaluru,BLR,T2,Kalaburagi ,GBI,08:40:00,2023-10-07,08:40:00,2023-10-07,ER4
6E457,IndiGo,Bengaluru,BLR,T1,Agartala ,IXA,08:40:00,2023-10-07,08:40:00,2023-10-07,32A
6E415,IndiGo,Bengaluru,BLR,T1,Jaipur ,JAI,08:45:00,2023-10-07,08:45:00,2023-10-07,32A
6E6445,IndiGo,Bengaluru,BLR,T1,Kochi ,COK,08:55:00,2023-10-07,08:55:00,2023-10-07,32N
I5819,AirAsia India,Bengaluru,BLR,T2,Ranchi ,IXR,09:00:00,2023-10-07,09:00:00,2023-10-07,A20N
6E442,IndiGo,Bengaluru,BLR,T1,Jorhat ,JRH,09:00:00,2023-10-07,09:00:00,2023-10-07,32A
QP1405,Akasa Air,Bengaluru,BLR,T1,Delhi ,DEL,09:15:00,2023-10-07,09:15:00,2023-10-07,7M8
6E886,IndiGo,Bengaluru,BLR,T1,Gorakhpur ,GOP,09:15:00,2023-10-07,09:15:00,2023-10-07,32Q
6E452,IndiGo,Bengaluru,BLR,T1,Bagdogra ,IXB,09:20:00,2023-10-07,09:20:00,2023-10-07,32N
AI604,Air India,Bengaluru,BLR,T2,Mumbai ,BOM,09:20:00,2023-10-07,09:20:00,2023-10-07,32N
QP1323,Akasa Air,Bengaluru,BLR,T1,Agartala ,IXA,09:20:00,2023-10-07,09:20:00,2023-10-07,7M8
6E797,IndiGo,Bengaluru,BLR,T1,Srinagar ,SXR,09:25:00,2023-10-07,09:25:00,2023-10-07,32N
UK852,Vistara,Bengaluru,BLR,T2,Dehradun ,DED,09:30:00,2023-10-07,09:30:00,2023-10-07,320
6E592,IndiGo,Bengaluru,BLR,T1,Chennai ,MAA,09:30:00,2023-10-07,09:30:00,2023-10-07,32N
6E7285,IndiGo,Bengaluru,BLR,T1,Belgaum ,IXG,09:35:00,2023-10-07,09:35:00,2023-10-07,AT7
6E688,IndiGo,Bengaluru,BLR,T1,Thiruvananthapuram ,TRV,09:40:00,2023-10-07,09:40:00,2023-10-07,32N
6E7102,IndiGo,Bengaluru,BLR,T1,Visakhapatnam ,VTZ,09:40:00,2023-10-07,09:40:00,2023-10-07,AT7
6E475,IndiGo,Bengaluru,BLR,T1,Durgapur ,RDP,09:45:00,2023-10-07,09:45:00,2023-10-07,32Q
UK868,Vistara,Bengaluru,BLR,T2,Delhi ,DEL,09:45:00,2023-10-07,09:45:00,2023-10-07,320
AI505,Air India,Bengaluru,BLR,T2,Delhi ,DEL,09:50:00,2023-10-07,09:50:00,2023-10-07,321
6E496,IndiGo,Bengaluru,BLR,T1,Mangaluru ,IXE,09:55:00,2023-10-07,09:55:00,2023-10-07,32A
6E524,IndiGo,Bengaluru,BLR,T1,Imphal ,IMF,09:55:00,2023-10-07,09:55:00,2023-10-07,32Q
6E488,IndiGo,Bengaluru,BLR,T1,Mumbai ,BOM,10:15:00,2023-10-07,10:15:00,2023-10-07,32N
6E6583,IndiGo,Bengaluru,BLR,T1,Goa ,GOX,10:20:00,2023-10-07,10:20:00,2023-10-07,32Q
6E6533,IndiGo,Bengaluru,BLR,T1,Bareilly ,BEK,10:30:00,2023-10-07,10:30:00,2023-10-07,32N
6E871,IndiGo,Bengaluru,BLR,T1,Delhi ,DEL,10:30:00,2023-10-07,10:30:00,2023-10-07,32N
6E7203,IndiGo,Bengaluru,BLR,T1,Madurai ,IXM,10:35:00,2023-10-07,10:35:00,2023-10-07,AT7
EK565,Emirates,Bengaluru,BLR,T2,Dubai ,DXB,10:35:00,2023-10-07,10:35:00,2023-10-07,77W
6E6137,IndiGo,Bengaluru,BLR,T1,Kanpur ,KNU,10:40:00,2023-10-07,10:40:00,2023-10-07,32A
UK755,Vistara,Bengaluru,BLR,T2,Guwahati ,GAU,10:40:00,2023-10-07,10:40:00,2023-10-07,320
6E7257,IndiGo,Bengaluru,BLR,T1,Tirupati ,TIR,10:45:00,2023-10-07,10:45:00,2023-10-07,AT7
6E7445,IndiGo,Bengaluru,BLR,T1,Kolhapur ,KLH,10:50:00,2023-10-07,10:50:00,2023-10-07,AT7
I51622,AirAsia India,Bengaluru,BLR,T2,Kochi ,COK,10:55:00,2023-10-07,10:55:00,2023-10-07,A320
6E6032,IndiGo,Bengaluru,BLR,T1,Jodhpur ,JDH,11:00:00,2023-10-07,11:00:00,2023-10-07,32Q
6E133,IndiGo,Bengaluru,BLR,T1,Port Blair ,IXZ,11:05:00,2023-10-07,11:05:00,2023-10-07,32N
6E807,IndiGo,Bengaluru,BLR,T1,Vadodara ,BDQ,11:05:00,2023-10-07,11:05:00,2023-10-07,32Q
6E7071,IndiGo,Bengaluru,BLR,T1,Vijayawada ,VGA,11:10:00,2023-10-07,11:10:00,2023-10-07,AT7
I5741,AirAsia India,Bengaluru,BLR,T2,Srinagar ,SXR,11:15:00,2023-10-07,11:15:00,2023-10-07,A320
6E6535,IndiGo,Bengaluru,BLR,T1,Bhubaneswar ,BBI,11:20:00,2023-10-07,11:20:00,2023-10-07,32Q
6E232,IndiGo,Bengaluru,BLR,T1,Shirdi ,SAG,11:20:00,2023-10-07,11:20:00,2023-10-07,32N
6E336,IndiGo,Bengaluru,BLR,T1,Raipur ,RPR,11:25:00,2023-10-07,11:25:00,2023-10-07,32Q
UK657,Vistara,Bengaluru,BLR,T2,Chandigarh ,IXC,11:30:00,2023-10-07,11:30:00,2023-10-07,320
UK816,Vistara,Bengaluru,BLR,T2,Delhi ,DEL,11:30:00,2023-10-07,11:30:00,2023-10-07,320
6E6189,IndiGo,Bengaluru,BLR,T1,Chennai ,MAA,11:35:00,2023-10-07,11:35:00,2023-10-07,32Q
SQ509,Singapore Airlines,Bengaluru,BLR,T2,Singapore ,SIN,11:45:00,2023-10-07,11:45:00,2023-10-07,7M8
AI507,Air India,Bengaluru,BLR,T2,Delhi ,DEL,11:45:00,2023-10-07,11:45:00,2023-10-07,321
SV867,Saudia Arabian Airlines,Bengaluru,BLR,T2,Jeddah ,JED,11:50:00,2023-10-07,11:50:00,2023-10-07,A333
6E6144,IndiGo,Bengaluru,BLR,T1,Thiruvananthapuram ,TRV,11:50:00,2023-10-07,11:50:00,2023-10-07,32A
I51562,AirAsia India,Bengaluru,BLR,T2,Kolkata ,CCU,11:55:00,2023-10-07,11:55:00,2023-10-07,A320
MH105,Malaysia Airlines,Bengaluru,BLR,T2,Kuala Lumpur ,KUL,12:00:00,2023-10-07,12:00:00,2023-10-07,738
6E869,IndiGo,Bengaluru,BLR,T1,Delhi ,DEL,12:00:00,2023-10-07,12:00:00,2023-10-07,32Q
6E503,IndiGo,Bengaluru,BLR,T1,Kolkata ,CCU,12:00:00,2023-10-07,12:00:00,2023-10-07,32N
AI622,Air India,Bengaluru,BLR,T2,Mumbai ,BOM,12:05:00,2023-10-07,12:05:00,2023-10-07,321
6E1167,IndiGo,Bengaluru,BLR,T2,Colombo ,CMB,12:10:00,2023-10-07,12:10:00,2023-10-07,32N
I51537,AirAsia India,Bengaluru,BLR,T2,Bagdogra ,IXB,12:10:00,2023-10-07,12:10:00,2023-10-07,A320
6E6595,IndiGo,Bengaluru,BLR,T1,Ahmedabad ,AMD,12:15:00,2023-10-07,12:15:00,2023-10-07,32Q
6E5293,IndiGo,Bengaluru,BLR,T1,Mumbai ,BOM,12:15:00,2023-10-07,12:15:00,2023-10-07,32Q
6E703,IndiGo,Bengaluru,BLR,T1,Kochi ,COK,12:20:00,2023-10-07,12:20:00,2023-10-07,32Q
6E6366,IndiGo,Bengaluru,BLR,T1,Visakhapatnam ,VTZ,12:30:00,2023-10-07,12:30:00,2023-10-07,32N
QP1104,Akasa Air,Bengaluru,BLR,T1,Mumbai ,BOM,12:35:00,2023-10-07,12:35:00,2023-10-07,7M8
6E6491,IndiGo,Bengaluru,BLR,T1,Hyderabad ,HYD,12:40:00,2023-10-07,12:40:00,2023-10-07,32N
UK881,Vistara,Bengaluru,BLR,T2,Goa ,GOI,12:45:00,2023-10-07,12:45:00,2023-10-07,320
6E465,IndiGo,Bengaluru,BLR,T1,Surat ,STV,12:50:00,2023-10-07,12:50:00,2023-10-07,NA
I51454,AirAsia India,Bengaluru,BLR,T2,Goa ,GOI,12:50:00,2023-10-07,12:50:00,2023-10-07,A320
I51426,AirAsia India,Bengaluru,BLR,T2,Jaipur ,JAI,13:00:00,2023-10-07,13:00:00,2023-10-07,A320
6E746,IndiGo,Bengaluru,BLR,T1,Goa ,GOI,13:00:00,2023-10-07,13:00:00,2023-10-07,32N
6E1127,IndiGo,Bengaluru,BLR,T2,Male ,MLE,13:05:00,2023-10-07,13:05:00,2023-10-07,32Q
6E7181,IndiGo,Bengaluru,BLR,T1,Thoothukudi ,TCR,13:15:00,2023-10-07,13:15:00,2023-10-07,AT7
6E852,IndiGo,Bengaluru,BLR,T1,Dehradun ,DED,13:15:00,2023-10-07,13:15:00,2023-10-07,32A
AI501,Air India,Bengaluru,BLR,T2,Delhi ,DEL,13:15:00,2023-10-07,13:15:00,2023-10-07,32N
SG495,SpiceJet,Bengaluru,BLR,T1,Darbhanga ,DBR,13:25:00,2023-10-07,13:25:00,2023-10-07,7M8
6E172,IndiGo,Bengaluru,BLR,T1,Kolkata ,CCU,13:30:00,2023-10-07,13:30:00,2023-10-07,32A
6E6753,IndiGo,Bengaluru,BLR,T1,Nagpur ,NAG,13:30:00,2023-10-07,13:30:00,2023-10-07,32N
6E196,IndiGo,Bengaluru,BLR,T1,Lucknow ,LKO,13:35:00,2023-10-07,13:35:00,2023-10-07,32N
6E7267,IndiGo,Bengaluru,BLR,T1,Tiruchirappalli ,TRZ,13:40:00,2023-10-07,13:40:00,2023-10-07,AT7
6E5134,IndiGo,Bengaluru,BLR,T1,Mumbai ,BOM,13:45:00,2023-10-07,13:45:00,2023-10-07,32Q
SG4005,SpiceJet,Bengaluru,BLR,T1,Shirdi ,SAG,13:45:00,2023-10-07,13:45:00,2023-10-07,DH8
6E2401,IndiGo,Bengaluru,BLR,T1,Delhi ,DEL,13:50:00,2023-10-07,13:50:00,2023-10-07,32Q
6E516,IndiGo,Bengaluru,BLR,T1,Aurangabad ,IXU,14:00:00,2023-10-07,14:00:00,2023-10-07,32N
I5972,AirAsia India,Bengaluru,BLR,T2,Goa ,GOI,14:05:00,2023-10-07,14:05:00,2023-10-07,A320
UK511,Vistara,Bengaluru,BLR,T2,Goa ,GOX,14:05:00,2023-10-07,14:05:00,2023-10-07,320
6E602,IndiGo,Bengaluru,BLR,T1,Kochi ,COK,14:10:00,2023-10-07,14:10:00,2023-10-07,32Q
QP1392,Akasa Air,Bengaluru,BLR,T1,Goa ,GOX,14:10:00,2023-10-07,14:10:00,2023-10-07,7M8
6E687,IndiGo,Bengaluru,BLR,T1,Udaipur ,UDR,14:15:00,2023-10-07,14:15:00,2023-10-07,32Q
6E7223,IndiGo,Bengaluru,BLR,T1,Vijayawada ,VGA,14:15:00,2023-10-07,14:15:00,2023-10-07,AT7
I51782,AirAsia India,Bengaluru,BLR,T2,Bhubaneswar ,BBI,14:20:00,2023-10-07,14:20:00,2023-10-07,A20N
IX1228,Air India Express,Bengaluru,BLR,T2,Jaipur ,JAI,14:25:00,2023-10-07,14:25:00,2023-10-07,738
I5613,AirAsia India,Bengaluru,BLR,T2,Delhi ,DEL,14:25:00,2023-10-07,14:25:00,2023-10-07,A320
QP1377,Akasa Air,Bengaluru,BLR,T1,Guwahati ,GAU,14:30:00,2023-10-07,14:30:00,2023-10-07,7M8
S5131,Star Air,Bengaluru,BLR,T2,Jamnagar ,JGA,14:35:00,2023-10-07,14:35:00,2023-10-07,ER4
AI602,Air India,Bengaluru,BLR,T2,Mumbai ,BOM,14:35:00,2023-10-07,14:35:00,2023-10-07,NA
6E6162,IndiGo,Bengaluru,BLR,T1,Mangaluru ,IXE,14:55:00,2023-10-07,14:55:00,2023-10-07,32N
AI511,Air India,Bengaluru,BLR,T2,Delhi ,DEL,14:55:00,2023-10-07,14:55:00,2023-10-07,319
I5820,AirAsia India,Bengaluru,BLR,T2,Guwahati ,GAU,15:00:00,2023-10-07,15:00:00,2023-10-07,A20N
6E5351,IndiGo,Bengaluru,BLR,T1,Mumbai ,BOM,15:00:00,2023-10-07,15:00:00,2023-10-07,32Q
6E7231,IndiGo,Bengaluru,BLR,T1,Rajahmundry ,RJA,15:05:00,2023-10-07,15:05:00,2023-10-07,AT7
S5159,Star Air,Bengaluru,BLR,T2,Bidar ,IXX,15:10:00,2023-10-07,15:10:00,2023-10-07,ER4
9I527,Alliance Air,Bengaluru,BLR,T1,Toranagallu ,VDY,15:10:00,2023-10-07,15:10:00,2023-10-07,AT7
6E6621,IndiGo,Bengaluru,BLR,T1,Delhi ,DEL,15:20:00,2023-10-07,15:20:00,2023-10-07,32Q
SG498,SpiceJet,Bengaluru,BLR,T1,Patna ,PAT,15:30:00,2023-10-07,15:30:00,2023-10-07,737
6E851,IndiGo,Bengaluru,BLR,T1,Chandigarh ,IXC,15:35:00,2023-10-07,15:35:00,2023-10-07,32A
QP1134,Akasa Air,Bengaluru,BLR,T1,Guwahati ,GAU,15:35:00,2023-10-07,15:35:00,2023-10-07,7M8
6E342,IndiGo,Bengaluru,BLR,T1,Patna ,PAT,15:40:00,2023-10-07,15:40:00,2023-10-07,32N
WY284,Oman Air,Bengaluru,BLR,T2,Muscat ,MCT,15:40:00,2023-10-07,15:40:00,2023-10-07,332
I51983,AirAsia India,Bengaluru,BLR,T2,Goa ,GOI,15:40:00,2023-10-07,15:40:00,2023-10-07,A320
QP1138,Akasa Air,Bengaluru,BLR,T1,Mumbai ,BOM,15:45:00,2023-10-07,15:45:00,2023-10-07,7M8
6E6574,IndiGo,Bengaluru,BLR,T1,Pune ,PNQ,15:45:00,2023-10-07,15:45:00,2023-10-07,32N
6E934,IndiGo,Bengaluru,BLR,T1,Raipur ,RPR,15:50:00,2023-10-07,15:50:00,2023-10-07,32Q
SG3998,SpiceJet,Bengaluru,BLR,T1,Pondicherry ,PNY,15:50:00,2023-10-07,15:50:00,2023-10-07,DH8
6E6572,IndiGo,Bengaluru,BLR,T1,Kolkata ,CCU,16:05:00,2023-10-07,16:05:00,2023-10-07,32Q
6E6067,IndiGo,Bengaluru,BLR,T1,Hyderabad ,HYD,16:10:00,2023-10-07,16:10:00,2023-10-07,32Q
6E6992,IndiGo,Bengaluru,BLR,T1,Coimbatore ,CJB,16:10:00,2023-10-07,16:10:00,2023-10-07,32Q
I51455,AirAsia India,Bengaluru,BLR,T2,Bhubaneswar ,BBI,16:15:00,2023-10-07,16:15:00,2023-10-07,A320
I52461,AirAsia India,Bengaluru,BLR,T2,Guwahati ,GAU,16:15:00,2023-10-07,16:15:00,2023-10-07,A20N
6E7258,IndiGo,Bengaluru,BLR,T1,Madurai ,IXM,16:25:00,2023-10-07,16:25:00,2023-10-07,AT7
6E7162,IndiGo,Bengaluru,BLR,T1,Hubballi ,HBX,16:25:00,2023-10-07,16:25:00,2023-10-07,AT7
6E5251,IndiGo,Bengaluru,BLR,T1,Mumbai ,BOM,16:30:00,2023-10-07,16:30:00,2023-10-07,32Q
6E7449,IndiGo,Bengaluru,BLR,T1,Vijayawada ,VGA,16:30:00,2023-10-07,16:30:00,2023-10-07,AT7
6E6743,IndiGo,Bengaluru,BLR,T1,Indore ,IDR,16:35:00,2023-10-07,16:35:00,2023-10-07,32N
6E6012,IndiGo,Bengaluru,BLR,T1,Chennai ,MAA,16:40:00,2023-10-07,16:40:00,2023-10-07,32A
6E5039,IndiGo,Bengaluru,BLR,T1,Delhi ,DEL,16:45:00,2023-10-07,16:45:00,2023-10-07,32N
6E7363,IndiGo,Bengaluru,BLR,T1,Kannur ,CNN,16:45:00,2023-10-07,16:45:00,2023-10-07,AT7
6E359,IndiGo,Bengaluru,BLR,T1,Mangaluru ,IXE,16:50:00,2023-10-07,16:50:00,2023-10-07,32Q
6E528,IndiGo,Bengaluru,BLR,T1,Pune ,PNQ,16:50:00,2023-10-07,16:50:00,2023-10-07,32N
6E239,IndiGo,Bengaluru,BLR,T1,Ahmedabad ,AMD,16:50:00,2023-10-07,16:50:00,2023-10-07,32Q
6E969,IndiGo,Bengaluru,BLR,T1,Visakhapatnam ,VTZ,17:05:00,2023-10-07,17:05:00,2023-10-07,32A
6E226,IndiGo,Bengaluru,BLR,T1,Kochi ,COK,17:10:00,2023-10-07,17:10:00,2023-10-07,32N
9I547,Alliance Air,Bengaluru,BLR,T1,Goa ,GOI,17:10:00,2023-10-07,17:10:00,2023-10-07,AT7
QF68,Qantas Airways,Bengaluru,BLR,T2,Sydney ,SYD,17:10:00,2023-10-07,17:10:00,2023-10-07,332
AI503,Air India,Bengaluru,BLR,T2,Delhi ,DEL,17:15:00,2023-10-07,17:15:00,2023-10-07,321
6E6628,IndiGo,Bengaluru,BLR,T1,Thiruvananthapuram ,TRV,17:20:00,2023-10-07,17:20:00,2023-10-07,32Q
6E7226,IndiGo,Bengaluru,BLR,T1,Belgaum ,IXG,17:20:00,2023-10-07,17:20:00,2023-10-07,AT7
6E356,IndiGo,Bengaluru,BLR,T1,Chennai ,MAA,17:30:00,2023-10-07,17:30:00,2023-10-07,32Q
RA226,Nepal Airlines,Bengaluru,BLR,T2,Kathmandu ,KTM,17:30:00,2023-10-07,17:30:00,2023-10-07,320
6E218,IndiGo,Bengaluru,BLR,T1,Bhopal ,BHO,17:35:00,2023-10-07,17:35:00,2023-10-07,32N
6E6091,IndiGo,Bengaluru,BLR,T1,Ranchi ,IXR,17:40:00,2023-10-07,17:40:00,2023-10-07,32N
6E6243,IndiGo,Bengaluru,BLR,T1,Kolkata ,CCU,17:45:00,2023-10-07,17:45:00,2023-10-07,32A
UK820,Vistara,Bengaluru,BLR,T2,Delhi ,DEL,17:50:00,2023-10-07,17:50:00,2023-10-07,321
6E5255,IndiGo,Bengaluru,BLR,T1,Mumbai ,BOM,18:00:00,2023-10-07,18:00:00,2023-10-07,32N
6E2174,IndiGo,Bengaluru,BLR,T1,Delhi ,DEL,18:00:00,2023-10-07,18:00:00,2023-10-07,32Q
6E968,IndiGo,Bengaluru,BLR,T1,Varanasi ,VNS,18:05:00,2023-10-07,18:05:00,2023-10-07,32Q
UK508,Vistara,Bengaluru,BLR,T2,Mumbai ,BOM,18:05:00,2023-10-07,18:05:00,2023-10-07,320
6E6145,IndiGo,Bengaluru,BLR,T1,Kochi ,COK,18:15:00,2023-10-07,18:15:00,2023-10-07,32N
9I521,Alliance Air,Bengaluru,BLR,T1,Kochi ,COK,18:15:00,2023-10-07,18:15:00,2023-10-07,AT7
6E6017,IndiGo,Bengaluru,BLR,T1,Chennai ,MAA,18:20:00,2023-10-07,18:20:00,2023-10-07,32N
UK854,Vistara,Bengaluru,BLR,T2,Mumbai ,BOM,18:25:00,2023-10-07,18:25:00,2023-10-07,320
UK893,Vistara,Bengaluru,BLR,T2,Hyderabad ,HYD,18:30:00,2023-10-07,18:30:00,2023-10-07,320
6E6885,IndiGo,Bengaluru,BLR,T1,Pune ,PNQ,18:35:00,2023-10-07,18:35:00,2023-10-07,32N
6E411,IndiGo,Bengaluru,BLR,T1,Bhubaneswar ,BBI,18:40:00,2023-10-07,18:40:00,2023-10-07,32N
6E564,IndiGo,Bengaluru,BLR,T1,Kozhikode ,CCJ,18:45:00,2023-10-07,18:45:00,2023-10-07,32N
UK802,Vistara,Bengaluru,BLR,T2,Delhi ,DEL,18:45:00,2023-10-07,18:45:00,2023-10-07,320
QP1550,Akasa Air,Bengaluru,BLR,T1,Pune ,PNQ,18:50:00,2023-10-07,18:50:00,2023-10-07,7M8
QP1368,Akasa Air,Bengaluru,BLR,T1,Kochi ,COK,18:55:00,2023-10-07,18:55:00,2023-10-07,7M8
6E7134,IndiGo,Bengaluru,BLR,T1,Vijayawada ,VGA,18:55:00,2023-10-07,18:55:00,2023-10-07,AT7
6E638,IndiGo,Bengaluru,BLR,T1,Hyderabad ,HYD,19:00:00,2023-10-07,19:00:00,2023-10-07,NA
UK864,Vistara,Bengaluru,BLR,T2,Mumbai ,BOM,19:00:00,2023-10-07,19:00:00,2023-10-07,320
I51532,AirAsia India,Bengaluru,BLR,T2,Delhi ,DEL,19:10:00,2023-10-07,19:10:00,2023-10-07,320
AI509,Air India,Bengaluru,BLR,T2,Delhi ,DEL,19:15:00,2023-10-07,19:15:00,2023-10-07,321
9I517,Alliance Air,Bengaluru,BLR,T1,Hyderabad ,HYD,19:20:00,2023-10-07,19:20:00,2023-10-07,NA
AI610,Air India,Bengaluru,BLR,T2,Mumbai ,BOM,19:20:00,2023-10-07,19:20:00,2023-10-07,321
6E735,IndiGo,Bengaluru,BLR,T1,Delhi ,DEL,19:20:00,2023-10-07,19:20:00,2023-10-07,32Q
6E7385,IndiGo,Bengaluru,BLR,T1,Madurai ,IXM,19:30:00,2023-10-07,19:30:00,2023-10-07,AT7
6E5376,IndiGo,Bengaluru,BLR,T1,Mumbai ,BOM,19:30:00,2023-10-07,19:30:00,2023-10-07,32Q
6E451,IndiGo,Bengaluru,BLR,T1,Lucknow ,LKO,19:35:00,2023-10-07,19:35:00,2023-10-07,32Q
UK818,Vistara,Bengaluru,BLR,T2,Delhi ,DEL,19:40:00,2023-10-07,19:40:00,2023-10-07,321
6E486,IndiGo,Bengaluru,BLR,T1,Nagpur ,NAG,19:45:00,2023-10-07,19:45:00,2023-10-07,32Q
6E838,IndiGo,Bengaluru,BLR,T1,Jaipur ,JAI,19:50:00,2023-10-07,19:50:00,2023-10-07,32Q
6E435,IndiGo,Bengaluru,BLR,T1,Kochi ,COK,19:50:00,2023-10-07,19:50:00,2023-10-07,32N
UK850,Vistara,Bengaluru,BLR,T2,Mumbai ,BOM,19:55:00,2023-10-07,19:55:00,2023-10-07,320
I5991,AirAsia India,Bengaluru,BLR,T2,Kochi ,COK,19:55:00,2023-10-07,19:55:00,2023-10-07,320
6E855,IndiGo,Bengaluru,BLR,T1,Hyderabad ,HYD,20:00:00,2023-10-07,20:00:00,2023-10-07,32N
6E7446,IndiGo,Bengaluru,BLR,T1,Kannur ,CNN,20:00:00,2023-10-07,20:00:00,2023-10-07,AT7
6E478,IndiGo,Bengaluru,BLR,T1,Chennai ,MAA,20:05:00,2023-10-07,20:05:00,2023-10-07,32N
6E6875,IndiGo,Bengaluru,BLR,T1,Coimbatore ,CJB,20:05:00,2023-10-07,20:05:00,2023-10-07,32Q
SG8198,SpiceJet,Bengaluru,BLR,T1,Delhi ,DEL,20:10:00,2023-10-07,20:10:00,2023-10-07,7M8
6E309,IndiGo,Bengaluru,BLR,T1,Goa ,GOI,20:10:00,2023-10-07,20:10:00,2023-10-07,32A
6E676,IndiGo,Bengaluru,BLR,T1,Kolkata ,CCU,20:15:00,2023-10-07,20:15:00,2023-10-07,32A
6E578,IndiGo,Bengaluru,BLR,T1,Mangaluru ,IXE,20:20:00,2023-10-07,20:20:00,2023-10-07,32A
6E6724,IndiGo,Bengaluru,BLR,T1,Chandigarh ,IXC,20:25:00,2023-10-07,20:25:00,2023-10-07,32Q
6E2406,IndiGo,Bengaluru,BLR,T1,Delhi ,DEL,20:35:00,2023-10-07,20:35:00,2023-10-07,32Q
6E7165,IndiGo,Bengaluru,BLR,T1,Tiruchirappalli ,TRZ,20:35:00,2023-10-07,20:35:00,2023-10-07,AT7
6E5083,IndiGo,Bengaluru,BLR,T1,Mumbai ,BOM,20:40:00,2023-10-07,20:40:00,2023-10-07,32Q
I51563,AirAsia India,Bengaluru,BLR,T2,Visakhapatnam ,VTZ,20:40:00,2023-10-07,20:40:00,2023-10-07,320
SG3008,SpiceJet,Bengaluru,BLR,T1,Thiruvananthapuram ,TRV,20:45:00,2023-10-07,20:45:00,2023-10-07,DH8
6E6337,IndiGo,Bengaluru,BLR,T1,Pune ,PNQ,20:45:00,2023-10-07,20:45:00,2023-10-07,32Q
EK567,Emirates,Bengaluru,BLR,T2,Dubai ,DXB,20:50:00,2023-10-07,20:50:00,2023-10-07,77W
6E6423,IndiGo,Bengaluru,BLR,T1,Ahmedabad ,AMD,20:55:00,2023-10-07,20:55:00,2023-10-07,32Q
AI808,Air India,Bengaluru,BLR,T2,Delhi ,DEL,21:00:00,2023-10-07,21:00:00,2023-10-07,319
EY239,Etihad,Bengaluru,BLR,T2,Abu Dhabi ,AUH,21:05:00,2023-10-07,21:05:00,2023-10-07,B789
UL172,Sri Lankan Airlines,Bengaluru,BLR,T2,Colombo ,CMB,21:10:00,2023-10-07,21:10:00,2023-10-07,320
6E1005,IndiGo,Bengaluru,BLR,T2,Singapore ,SIN,21:10:00,2023-10-07,21:10:00,2023-10-07,32Q
UK814,Vistara,Bengaluru,BLR,T2,Delhi ,DEL,21:10:00,2023-10-07,21:10:00,2023-10-07,320
I5974,AirAsia India,Bengaluru,BLR,T2,Pune ,PNQ,21:15:00,2023-10-07,21:15:00,2023-10-07,320
6E747,IndiGo,Bengaluru,BLR,T1,Indore ,IDR,21:20:00,2023-10-07,21:20:00,2023-10-07,32N
6E6541,IndiGo,Bengaluru,BLR,T1,Guwahati ,GAU,21:20:00,2023-10-07,21:20:00,2023-10-07,32A
AI642,Air India,Bengaluru,BLR,T2,Mumbai ,BOM,21:25:00,2023-10-07,21:25:00,2023-10-07,320
6E806,IndiGo,Bengaluru,BLR,T1,Goa ,GOI,21:30:00,2023-10-07,21:30:00,2023-10-07,32Q
UK840,Vistara,Bengaluru,BLR,T2,Mumbai ,BOM,21:35:00,2023-10-07,21:35:00,2023-10-07,320
I51427,AirAsia India,Bengaluru,BLR,T2,Kochi ,COK,21:40:00,2023-10-07,21:40:00,2023-10-07,320
QP1317,Akasa Air,Bengaluru,BLR,T1,Pune ,PNQ,21:40:00,2023-10-07,21:40:00,2023-10-07,7M8
6E6626,IndiGo,Bengaluru,BLR,T1,Thiruvananthapuram ,TRV,21:45:00,2023-10-07,21:45:00,2023-10-07,32Q
6E6347,IndiGo,Bengaluru,BLR,T1,Mumbai ,BOM,21:45:00,2023-10-07,21:45:00,2023-10-07,32N
6E975,IndiGo,Bengaluru,BLR,T1,Kolkata ,CCU,21:55:00,2023-10-07,21:55:00,2023-10-07,32A
6E684,IndiGo,Bengaluru,BLR,T1,Hyderabad ,HYD,22:00:00,2023-10-07,22:00:00,2023-10-07,32A
6E6813,IndiGo,Bengaluru,BLR,T1,Delhi ,DEL,22:00:00,2023-10-07,22:00:00,2023-10-07,32Q
6E6919,IndiGo,Bengaluru,BLR,T1,Kochi ,COK,22:05:00,2023-10-07,22:05:00,2023-10-07,32N
6E6273,IndiGo,Bengaluru,BLR,T1,Jaipur ,JAI,22:15:00,2023-10-07,22:15:00,2023-10-07,32Q
I5670,AirAsia India,Bengaluru,BLR,T2,Goa ,GOI,22:30:00,2023-10-07,22:30:00,2023-10-07,320
I5558,AirAsia India,Bengaluru,BLR,T2,Kolkata ,CCU,22:30:00,2023-10-07,22:30:00,2023-10-07,320
6E385,IndiGo,Bengaluru,BLR,T1,Pune ,PNQ,22:40:00,2023-10-07,22:40:00,2023-10-07,32N
6E939,IndiGo,Bengaluru,BLR,T1,Mumbai ,BOM,22:45:00,2023-10-07,22:45:00,2023-10-07,32N
6E6178,IndiGo,Bengaluru,BLR,T1,Hyderabad ,HYD,23:00:00,2023-10-07,23:00:00,2023-10-07,32Q
SQ511,Singapore Airlines,Bengaluru,BLR,T2,Singapore ,SIN,23:05:00,2023-10-07,23:05:00,2023-10-07,359
6E2053,IndiGo,Bengaluru,BLR,T1,Delhi ,DEL,23:15:00,2023-10-07,23:15:00,2023-10-07,32Q
FD138,Thai AirAsia,Bengaluru,BLR,T2,Bangkok ,DMK,23:20:00,2023-10-07,23:20:00,2023-10-07,320
6E952,IndiGo,Bengaluru,BLR,T1,Kolkata ,CCU,23:25:00,2023-10-07,23:25:00,2023-10-07,32N
IX2903,Air India Express,Bengaluru,BLR,T2,Mumbai ,BOM,23:25:00,2023-10-07,23:25:00,2023-10-07,738
I5992,AirAsia India,Bengaluru,BLR,T2,Kolkata ,CCU,23:30:00,2023-10-07,23:30:00,2023-10-07,320
6E482,IndiGo,Bengaluru,BLR,T1,Chennai ,MAA,23:50:00,2023-10-07,23:50:00,2023-10-07,32Q
I5821,AirAsia India,Bengaluru,BLR,T2,Pune ,PNQ,23:50:00,2023-10-07,23:50:00,2023-10-07,320
SL217,Thai Lion Air,Bengaluru,BLR,T2,Bangkok ,DMK,00:10:00,2023-10-07,00:10:00,2023-10-07,B738
TG326,Thai Airways,Bengaluru,BLR,T2,Bangkok ,BKK,00:30:00,2023-10-07,00:30:00,2023-10-07,359
6E2339,IndiGo,Bengaluru,BLR,T1,Delhi ,DEL,00:30:00,2023-10-07,00:30:00,2023-10-07,A320
MH193,Malaysia Airlines,Bengaluru,BLR,T2,Kuala Lumpur ,KUL,00:35:00,2023-10-07,00:35:00,2023-10-07,738
6E6129,IndiGo,Bengaluru,BLR,T1,Pune ,PNQ,00:50:00,2023-10-07,00:50:00,2023-10-07,A21N
KL880,KLM Royal Dutch Airlines,Bengaluru,BLR,T2,Amsterdam ,AMS,01:10:00,2023-10-07,01:10:00,2023-10-07,B772
SQ513,Singapore Airlines,Bengaluru,BLR,T2,Singapore ,SIN,01:20:00,2023-10-07,01:20:00,2023-10-07,359
AF191,Air France,Bengaluru,BLR,T2,Paris ,CDG,01:20:00,2023-10-07,01:20:00,2023-10-07,332
6E6779,IndiGo,Bengaluru,BLR,T1,Ahmedabad ,AMD,01:40:00,2023-10-07,01:40:00,2023-10-07,A20N
I5472,AirAsia India,Bengaluru,BLR,T2,Mumbai ,BOM,02:00:00,2023-10-07,02:00:00,2023-10-07,A320
SG8136,SpiceJet,Bengaluru,BLR,T1,Delhi ,DEL,02:00:00,2023-10-07,02:00:00,2023-10-07,737
6E699,IndiGo,Bengaluru,BLR,T1,Pune ,PNQ,02:30:00,2023-10-07,02:30:00,2023-10-07,A21N
ET691,Ethiopian Airlines,Bengaluru,BLR,T2,Addis Ababa ,ADD,02:30:00,2023-10-07,02:30:00,2023-10-07,7M8
LH755,Lufthansa,Bengaluru,BLR,T2,Frankfurt ,FRA,03:05:00,2023-10-07,03:05:00,2023-10-07,B748
QR573,Qatar Airways,Bengaluru,BLR,T2,Doha ,DOH,03:55:00,2023-10-07,03:55:00,2023-10-07,77W
